Ticker,Nombre,Índice,Precio,PER (Trailing),PER (Forward),Margen Bruto (%),Margen Operativo (%),Margen Neto (%),ROIC (%),ROE (%),ROA (%),Debt/Equity,Current Ratio,Market Cap (B)
SLDE,"Slide Insurance Holdings, Inc.",Small/Micro Cap (US),22.48,5.3779907,6.084885,67.93900000000001,46.375,40.016997,5383.36760964809,53.882,14.36,3.235,1.463,2.625927424
EVER,"EverQuote, Inc.",Small/Micro Cap (US),25.03,7.9713373,8.907474,97.646004,12.038,15.159,174.63405394238055,53.613997000000005,17.829000999999998,0.757,3.33,0.885393216
MGTX,MeiraGTx Holdings plc,Small/Micro Cap (US),14.97,15.925532,-10.769785,97.949,76.042,19.870001,126.34642798297172,72.16799999999999,38.651,52.053,3.758,1.437763584
LOGI,Logitech International S.A. - R,Small/Micro Cap (US),100.47,18.005377,16.525324,45.239,21.221,16.277,121.25452485587654,35.287997,14.206,3.588,2.311,14.386131968
INCY,Incyte Corporation,S&P 500,128.47,15.724602,14.416867,55.659000000000006,41.899,27.706,101.31422322466432,30.667,16.832,0.603,4.593,26.040580096
NUTX,Nutex Health Inc.,Small/Micro Cap (US),190.62,7.250665,9.376291,54.508,57.754004,21.249,79.94077618240605,64.556,33.317003,68.466,4.996,1.30536064
GOOG,Alphabet Inc.,S&P 500,341.7,17.11924,23.130396,60.897,34.033,54.771,75.10114161052928,48.676,12.958999,18.859,2.724,4178.969100288
ZM,"Zoom Communications, Inc.",Small/Micro Cap (US),107.47,15.4410925,17.043743,77.768,25.058000000000003,41.987,73.3924230706871,21.948,6.548,0.604,4.221,31.513667584
GOOGL,Alphabet Inc.,S&P 500,344.72,17.270542,23.27582,60.897,34.033,54.771,67.75258166633978,48.676,12.958999,18.859,2.724,4215.90335488
CARG,"CarGurus, Inc.",Small/Micro Cap (US),37.04,18.613066,12.326902,92.375,25.275,18.189,67.56664270747582,53.470004,25.02,70.035,1.85,3.299281664
EXEL,"Exelixis, Inc.",Small/Micro Cap (US),54.39,16.735384,13.084993,96.483004,39.513,35.331002,65.43085244182404,44.393003,23.974001,8.999,3.456,13.476846592
ITRN,Ituran Location and Control Ltd,Small/Micro Cap (US),50.8,16.126984,13.841961,49.953,22.672,16.281000000000002,65.26872934376016,30.189,13.886,1.843,2.029,1.006278976
WDC,Western Digital Corporation,S&P 500,462.09,18.417297,14.554231,48.851,43.608,72.94699999999999,62.22305211791641,130.853,20.758,13.436,1.329,166.602358784
AUPH,Aurinia Pharmaceuticals Inc,Small/Micro Cap (US),16.17,6.709543,15.159328,77.884,55.685,100.83699,57.91676177416453,66.117996,15.489,10.431,5.419,2.151437312
MAS,Masco Corporation,S&P 500,75.25,16.910112,16.145954,37.205002,23.645,11.614,55.1697035001718,5862.5,15.857,,1.865,14.83835392
MAKO,Mako Mining Corp,Small/Micro Cap (US),10.4,16.507936,,57.348,38.715,25.106,53.71610935424024,36.629,24.237,21.923,3.107,0.91110144
QTTB,Q32 Bio Inc.,Small/Micro Cap (US),15.84,4.858896,-15.529412,73.301005,39.938998,62.873000000000005,53.221600069485774,72.138,14.741999,5.001,20.301,0.471548352
HRMY,"Harmony Biosciences Holdings, I",Small/Micro Cap (US),39.93,12.556603,5.9718595,75.424004,34.183997,18.884,52.51078815299163,20.456,11.62,16.031,3.479,2.325379072
PBYI,Puma Biotechnology Inc,Small/Micro Cap (US),9.49,18.25,27.114286,74.832,13.424,11.554,48.22112281794647,21.966,9.814,3.477,2.912,0.4898744
CRMD,CorMedix Inc.,Small/Micro Cap (US),8.52,3.7533042,24.34286,90.212,42.097,40.492,47.25705548938456,54.932,24.558,31.997,2.564,0.664085632
SBC,SBC Medical Group Holdings Inco,Small/Micro Cap (US),3.87,8.0625,7.166666,71.85299400000001,38.547,27.988002,45.58196317256972,18.913001,11.3249995,17.231,3.306,0.39401488
FIZZ,National Beverage Corp.,Small/Micro Cap (US),32.1,16.05,15.633294,37.039003,16.875999999999998,15.556,44.95951092540325,34.018,18.868,9.271,4.386,3.00494848
CF,"CF Industries Holdings, Inc.",S&P 500,119.02,8.88209,11.377094,42.486,49.325,27.122,43.8875039226861,29.867,12.934,40.504,4.86,18.012264448
PRDO,Perdoceo Education Corporation,Small/Micro Cap (US),32.66,11.876364,9.89697,79.890996,25.722998000000004,20.628999,42.22979794367989,17.554002,10.027,11.009,4.692,2.043766656
RELY,"Remitly Global, Inc.",Small/Micro Cap (US),25.06,18.291971,15.515874,61.548,14.324,16.855,41.88729531543496,32.246,8.542,3.396,3.181,5.304802304
ASND,Ascendis Pharma A/S,Small/Micro Cap (US),259.62,19.174297,27.473862,91.296995,64.979,70.845,41.35854911436391,118.784,9.583,31.331,2.991,17.029211136
SCZM,Santacruz Silver Mining Ltd.,Small/Micro Cap (US),9.54,18.705883,,37.701,26.580998,15.964999999999998,40.22405350340385,34.937000000000005,14.835,23.365,1.542,0.88712736
UPWK,Upwork Inc.,Small/Micro Cap (US),8.69,10.862499,6.368306,77.242,21.806999,12.935,39.77775383744201,16.695,6.627,62.069,1.424,1.085410176
VOXR,Vox Royalty Corp.,Small/Micro Cap (US),5.4,7.39726,16.530445,94.304,182.298,144.324,39.51048964876895,49.390998,23.636,,7.498,0.375274528
LOPE,"Grand Canyon Education, Inc.",Small/Micro Cap (US),146.92,17.722557,12.974981,53.271,22.023001,19.632,39.4721782568633,30.979002,20.431,15.565,2.818,3.829475072
ACIC,American Coastal Insurance Corp,Small/Micro Cap (US),9.45,4.7014923,8.669724,56.622005,37.283,30.308,37.15309948519597,31.653,6.9,44.762,1.083,0.446696928
AFYA,Afya Limited,Small/Micro Cap (US),13.88,8.164705,7.132395,64.023,30.641,20.444000000000003,35.06165234505628,16.683,8.4139995,63.264,2.201,1.228077696
HLNE,Hamilton Lane Incorporated,Small/Micro Cap (US),104.86,15.375366,14.211792,60.66,45.933998,32.141998,33.28800636496346,32.416,10.783,21.558,4.111,7.027934208
NEM,Newmont Corporation,S&P 500,125.08,14.612149,11.8214245,68.041,51.569,33.363998,33.16082218792006,25.905,15.755,15.807,2.546,131.795836928
ACN,Accenture plc,S&P 500,183.17,13.813725,12.485889,32.013000000000005,16.964000000000002,10.656,32.5336821136952,24.406,10.903,25.035,1.339,112.089432064
CAI,"Caris Life Sciences, Inc.",Small/Micro Cap (US),22.76,2.1884615,60.232357,69.848996,10.21,10.624,31.79578439309613,20.129,8.769,76.454,5.526,6.43186688
NEWT,"NewtekOne, Inc.",Small/Micro Cap (US),12.6,5.7798166,5.1894565,86.289,52.052,16.097,30.424506749003733,18.043,5.185,134.706,18.23,0.363947648
TTD,"The Trade Desk, Inc.",Small/Micro Cap (US),13.54,15.929411,13.603529,76.872003,14.205000000000002,13.608,28.634850915431624,15.441,6.252000000000001,16.863,1.724,6.362177536
AOS,A.O. Smith Corporation,S&P 500,63.8,16.968084,15.57583,38.592,18.929,13.149,28.631451373960605,27.133000000000003,12.54,36.766,1.594,8.670966784
UTHR,United Therapeutics Corporation,Small/Micro Cap (US),529.14,18.546793,17.61808,86.14,42.231998,41.557,27.91585893545893,19.315,11.607,,5.732,22.695182336
SEIC,SEI Investments Company,Small/Micro Cap (US),107.36,18.868189,15.521943,78.388,30.706,28.847998000000004,27.680535061097,27.587998,14.759,2.383,5.059,12.885259264
CPRT,"Copart, Inc.",S&P 500,33.85,19.566473,20.11373,47.522998,37.530997,33.481997,27.383805853465365,17.607,11.336,1.059,7.613,32.607987712
MCRI,"Monarch Casino & Resort, Inc.",Small/Micro Cap (US),124.81,19.748417,18.101522,68.021005,27.436,20.399,26.989585459700667,20.544,12.902,2.218,1.207,2.236909568
MKTX,"MarketAxess Holdings, Inc.",S&P 500,161.74,19.18624,18.343027,61.66299600000001,41.862,35.217,26.850946040454765,23.14,10.153,14.275,7.465,5.69209856
CROX,"Crocs, Inc.",Small/Micro Cap (US),125.73,11.419619,8.41,57.47,24.221,14.635000000000002,26.771960959516555,42.299998,11.993,121.993,1.49,6.0281344
CINF,Cincinnati Financial Corporatio,S&P 500,168.49,8.088815,18.656393,31.066,37.202,23.843001,26.181972008467124,21.484,6.409,5.255,1.151,25.859516416
EOG,"EOG Resources, Inc.",S&P 500,149.48,11.569659,10.284503,62.636,40.717998,25.733,25.18980962277325,22.507,11.017,25.891,1.851,79.61731072
CHKP,Check Point Software Technologi,Small/Micro Cap (US),132.35,13.368688,11.710576,87.495005,27.479,37.932,24.887533182719405,37.639,7.596999999999999,72.153,1.672,13.513019392
BR,"Broadridge Financial Solutions,",S&P 500,176.03,17.691458,15.206698,31.780002000000003,24.609,15.037,24.49367364132583,40.916002,9.295,123.939,1.236,20.359329792
TILE,"Interface, Inc.",Small/Micro Cap (US),39.32,15.603174,16.18107,40.485,18.611,10.103,23.874019722410907,23.225,9.34,42.809,2.527,2.272713984
PEGA,Pegasystems Inc.,Small/Micro Cap (US),33.83,18.48634,12.8346195,75.57300000000001,4.6040002,18.662001,23.3273303372661,54.693000000000005,9.07,12.851,1.059,5.561819648
DORM,"Dorman Products, Inc.",Small/Micro Cap (US),134.12,18.448418,14.440914,42.314997,23.629,10.176,21.041824561869653,15.048,9.17,34.867,3.598,3.980093696
CRUS,"Cirrus Logic, Inc.",Small/Micro Cap (US),118.07,14.2941885,13.265994,52.785,18.367,21.004999,21.03303375916918,20.903999,12.163,5.96,7.583,5.917380096
TROW,"T. Rowe Price Group, Inc.",S&P 500,112.23,11.078974,10.903791,51.614,28.688,29.262,20.93480395776161,19.399999,10.659,3.702,4.039,23.940440064
PUIG.MC,"PUIG BRANDS, S.A. CLASE B",IBEX 35,17.15,16.650486,14.45245,74.976,14.43,11.41,20.692321886160595,15.607001,6.537999999999999,44.466,1.096,9.660459008
ESEA,Euroseas Ltd.,Small/Micro Cap (US),74.55,3.7349703,4.847204,77.796996,59.181,59.976,20.026049787387905,29.198998,11.833,39.421,5.457,0.525978688
GNTX,Gentex Corporation,Small/Micro Cap (US),23.64,12.5079365,10.659212,35.018003,21.757,15.499,19.344449742427365,16.354999,11.057,0.441,3.038,5.03418112
LULU,lululemon athletica inc.,S&P 500,119.45,9.633064,10.614248,55.69499999999999,11.205,13.028999999999998,19.092209683736165,32.027,16.045,44.264,2.226,13.564015616
QCOM,QUALCOMM Incorporated,S&P 500,161.91,18.31561,15.870496,54.226,18.528,21.013,18.728744265069576,33.754003,11.612,55.21,2.016,170.043375616
KRT,Karat Packaging Inc.,Small/Micro Cap (US),48.17,19.191235,20.67382,35.502997,8.709999999999999,10.176,18.33883711535846,30.617002,7.288,41.724,2.251,0.960110912
RIGL,"Rigel Pharmaceuticals, Inc.",Small/Micro Cap (US),46.96,2.7803435,9.507689,75.608003,29.954,116.303,17.86719409763745,126.897,14.951,9.391,1.941,0.868857664
AENA.MC,"AENA, S.M.E., S.A.",IBEX 35,26.58,17.838926,16.432055,80.605006,50.990003,33.948,17.756697057482864,27.127,10.865,91.58,1.127,39.870001152
NTGY.MC,"NATURGY ENERGY GROUP, S.A.",IBEX 35,29.58,13.631336,14.1510105,39.119998,23.679,10.673001,17.12820393266178,22.853,5.9759997,140.835,1.371,27.402723328
INVA,"Innoviva, Inc.",Small/Micro Cap (US),21.48,4.926605,9.719457,72.670996,43.277,81.19,15.36935720039014,36.676,6.949,26.859,16.007,1.551833088
NMIH,NMI Holdings Inc,Small/Micro Cap (US),45.66,8.988189,8.359636,76.384,76.672995,54.097,14.930671265335164,15.427,8.816,15.753,2.029,3.434446848
BF-B,Brown Forman Inc,S&P 500,28.43,17.76875,16.720087,60.540000000000006,23.246,18.202999,14.879602537044097,17.846,8.636000000000001,64.95,3.239,13.045511168
PTC,PTC Inc.,S&P 500,152.44,14.785645,17.150848,84.501,28.232000000000003,41.429,14.148004855271,35.053003,11.537,46.335,1.025,16.540695552
JAZZ,Jazz Pharmaceuticals plc,Small/Micro Cap (US),252.16,17.330584,9.785576,91.353995,26.914,20.445,13.936954477754714,22.114,6.862,91.828,1.779,16.36886016
PNR,Pentair plc.,S&P 500,65.59,16.356607,12.662088,41.388000000000005,23.44,16.237,13.548770379032248,17.126,8.663,47.067,1.451,10.599706624
ANIP,"ANI Pharmaceuticals, Inc.",Small/Micro Cap (US),78.02,16.742489,7.405305,60.403997,14.974000000000002,11.07,13.020901619648589,20.459,5.446,104.825,2.91,1.792146816
ARLP,"Alliance Resource Partners, L.P",Small/Micro Cap (US),26.07,12.533654,8.958762,35.407,17.040001,12.2530006,13.016965553351284,15.168999,7.757,33.076,1.752,3.354134784
NAGE,"Niagen Bioscience, Inc.",Small/Micro Cap (US),3.17,15.85,31.7,64.239,2.35,12.388,12.686529318506963,21.798,5.436,2.822,6.497,0.252472528
VIS.MC,"VISCOFAN, S.A.",Mercado Continuo (BME),56.4,15.932204,14.679205,63.687000000000005,15.115,12.786001,12.30428842450253,17.538,8.088,40.996,1.845,2.564760576
TRMD,TORM plc,Small/Micro Cap (US),30.97,8.848571,6.928412,51.905,34.153998,24.455,12.068191137276976,15.65,7.154000000000001,47.593,1.401,3.170309632
TREE,"LendingTree, Inc.",Small/Micro Cap (US),31.22,2.4145398,4.715286,96.408,7.782999999999999,14.325,12.06687714479781,82.782996,7.754,135.941,1.846,0.438315072
QFIN,"Qfin Holdings, Inc.",Small/Micro Cap (US),11.79,2.1053572,2.647613,57.056,27.453,27.534,,21.295,8.297,11.678,2.218,1.43545472
YB,Yuanbao Inc.,Small/Micro Cap (US),13.82,3.2904763,2.786696,96.393996,33.228,29.669002,,47.877,21.308,0.113,3.484,0.636828352
CGEN,Compugen Ltd.,Small/Micro Cap (US),2.44,6.2564106,-6.6544847,86.887,-339.62297,47.555,,50.638000000000005,15.464,3.407,5.718,0.231126912
KSPI,Joint Stock Company Kaspi.kz - ,Small/Micro Cap (US),101.48,8.400662,0.014915984,69.443,0.0,24.152,,44.781,13.538,22.171,6.515,19.283968
PDD,PDD Holdings Inc.,Small/Micro Cap (US),90.2,9.435145,7.3651843,55.979,18.419,21.620001,,25.4,10.334,1.21,2.535,128.390356992
SKHY,SK hynix Inc.,Small/Micro Cap (US),156.16,9.663366,4.632922,70.197,76.328003,85.682,,92.68,33.661,7.075,17.544,1108.509458432
ZVRA,"Zevra Therapeutics, Inc.",Small/Micro Cap (US),12.13,12.377551,11.5523815,95.458,42.299,42.818,,34.796003,8.735999999999999,0.687,5.167,0.720325248
ERIC,Ericsson,Small/Micro Cap (US),10.15,13.01282,16.309673,48.125,0.0,10.831001,,26.077,6.9460005,37.682,1.12,33.227876352
CRCT,"Cricut, Inc.",Small/Micro Cap (US),5.43,13.575,22.976345,58.031,30.341,12.71,,25.896,10.283,2.819,2.488,1.1372832
BZ,KANZHUN LIMITED - American Depo,Small/Micro Cap (US),16.08,14.752293,11.094382,85.468,30.145,40.103,,18.156,7.657000399999999,0.602,4.328,7.185939968
NTES,"NetEase, Inc.",Small/Micro Cap (US),127.25,15.90625,12.005938,65.688,41.374,29.839,,22.128001,11.003,6.469,3.285,81.471832064
DUOL,"Duolingo, Inc.",Small/Micro Cap (US),146.03,16.500565,19.023983,72.717005,11.684,35.875,,34.42,5.6420002,6.11,2.719,6.832198656
ATAT,Atour Lifestyle Holdings Limite,Small/Micro Cap (US),37.0,17.961166,13.681924,44.162998,23.583001,17.219,,52.884996,20.165001,37.22,2.172,5.112880128
